HindustanUnileverDate,Open,High,Low,Close,Adj Close,Volume
2018-09-10,1632.699951,1640.400024,1604.000000,1610.300049,1542.822388,1423511
2018-09-11,1613.000000,1624.000000,1576.050049,1590.650024,1523.995728,2381214
2018-09-12,1599.949951,1636.900024,1587.500000,1626.849976,1558.678955,1789295
2018-09-14,1637.900024,1649.000000,1612.500000,1629.300049,1561.026367,1920969
2018-09-17,1620.000000,1626.000000,1595.000000,1605.449951,1538.175537,904395
2018-09-18,1622.000000,1670.949951,1618.000000,1664.949951,1595.182495,2932792
2018-09-19,1671.000000,1678.500000,1637.150024,1647.099976,1578.080200,1589108
2018-09-21,1651.000000,1656.900024,1606.300049,1621.300049,1553.361694,3032792
2018-09-24,1622.050049,1639.500000,1564.099976,1590.449951,1523.804199,1817390
2018-09-25,1600.000000,1640.000000,1577.050049,1630.849976,1562.511353,1229970
2018-09-26,1644.400024,1649.000000,1598.000000,1610.750000,1543.253540,980726
2018-09-27,1610.000000,1625.000000,1603.199951,1620.099976,1552.211792,1572603
2018-09-28,1620.099976,1627.300049,1600.050049,1608.400024,1541.002197,1735076
2018-10-01,1606.500000,1652.400024,1601.599976,1642.300049,1573.481567,1721675
2018-10-03,1642.000000,1642.050049,1606.650024,1618.849976,1551.014282,1213562
2018-10-04,1600.000000,1602.800049,1562.099976,1573.949951,1507.995728,1544573
2018-10-05,1559.500000,1574.849976,1528.599976,1558.550049,1493.240967,1638027
2018-10-08,1551.000000,1570.400024,1537.099976,1559.349976,1494.007446,1998863
2018-10-09,1563.000000,1570.000000,1492.500000,1512.449951,1449.072754,1562134
2018-10-10,1512.500000,1543.199951,1490.550049,1527.650024,1463.635864,2294071
2018-10-11,1490.000000,1540.000000,1477.199951,1526.099976,1462.150757,1823960
2018-10-12,1555.500000,1577.500000,1540.099976,1569.599976,1503.827881,1728063
2018-10-15,1549.699951,1592.949951,1500.000000,1526.300049,1462.342407,3913322
2018-10-16,1535.699951,1557.550049,1526.500000,1546.199951,1481.408447,1374834
2018-10-17,1558.099976,1577.800049,1546.050049,1562.000000,1496.546265,1223188
2018-10-19,1551.199951,1585.750000,1543.050049,1578.400024,1512.259033,932433
2018-10-22,1588.000000,1590.000000,1566.599976,1584.900024,1518.486816,614209
2018-10-23,1575.550049,1582.000000,1547.500000,1552.050049,1487.013428,989355
2018-10-24,1562.000000,1591.000000,1552.400024,1585.949951,1519.492676,690618
2018-10-25,1574.000000,1591.750000,1552.650024,1571.550049,1514.289429,2397242
2018-10-26,1567.099976,1579.500000,1549.949951,1558.250000,1501.474121,1049382
2018-10-29,1559.449951,1559.449951,1522.000000,1552.900024,1496.319092,1478828
2018-10-30,1553.900024,1603.599976,1542.449951,1593.050049,1535.006348,1366068
2018-10-31,1593.000000,1624.000000,1561.949951,1621.699951,1562.612183,1478902
2018-11-01,1624.500000,1624.500000,1583.550049,1607.650024,1549.074341,1037308
2018-11-02,1610.699951,1648.199951,1608.250000,1638.449951,1578.751953,1332970
2018-11-05,1635.000000,1647.000000,1610.000000,1640.050049,1580.293701,764645
2018-11-06,1650.000000,1654.000000,1620.099976,1631.949951,1572.488770,656676
2018-11-07,1640.000000,1646.949951,1634.400024,1643.849976,1583.955200,114827
2018-11-09,1650.000000,1680.000000,1638.300049,1672.599976,1611.657837,1125863
2018-11-12,1672.000000,1681.949951,1649.199951,1654.300049,1594.024658,805817
2018-11-13,1644.099976,1678.599976,1636.550049,1671.099976,1610.212402,673435
2018-11-14,1672.000000,1739.500000,1668.050049,1715.500000,1652.994629,1780843
2018-11-15,1717.750000,1728.400024,1696.650024,1706.050049,1643.888916,997169
2018-11-16,1704.900024,1718.000000,1683.300049,1689.099976,1627.556396,1071547
2018-11-19,1693.300049,1707.000000,1677.000000,1701.400024,1639.408447,910054
2018-11-20,1701.000000,1709.900024,1685.050049,1694.000000,1632.277954,740827
2018-11-21,1690.050049,1706.000000,1678.699951,1689.949951,1628.375610,932133
2018-11-22,1692.900024,1703.699951,1663.000000,1675.099976,1614.066650,808599
2018-11-26,1678.099976,1750.000000,1678.099976,1744.000000,1680.456421,2314140
2018-11-27,1738.900024,1741.500000,1709.250000,1733.300049,1670.146240,1592918
2018-11-28,1731.000000,1748.000000,1716.750000,1732.199951,1669.086060,1205956
2018-11-29,1745.900024,1780.000000,1737.500000,1768.500000,1704.063599,1936534
2018-11-30,1770.949951,1798.300049,1742.250000,1754.000000,1690.091797,2373749
2018-12-03,1769.500000,1838.300049,1748.050049,1825.599976,1759.083008,4310053
2018-12-04,1835.000000,1848.949951,1801.000000,1807.650024,1741.786987,3155914
2018-12-05,1803.000000,1854.800049,1788.000000,1848.099976,1780.763306,2847336
2018-12-06,1840.000000,1847.000000,1797.650024,1801.500000,1735.861328,2399579
2018-12-07,1801.300049,1832.750000,1792.099976,1824.300049,1757.830444,1774240
2018-12-10,1796.800049,1815.000000,1790.000000,1795.800049,1730.368896,1216028
2018-12-11,1781.000000,1819.900024,1770.099976,1794.900024,1729.501587,2237806
2018-12-12,1796.000000,1845.050049,1795.949951,1839.099976,1772.091187,1449484
2018-12-13,1848.000000,1867.449951,1837.050049,1855.550049,1787.941772,1586900
2018-12-14,1837.000000,1865.849976,1832.750000,1860.550049,1792.759766,1573884
2018-12-17,1865.000000,1869.500000,1845.050049,1850.699951,1783.268555,1179613
2018-12-18,1848.900024,1848.900024,1833.000000,1840.750000,1773.681030,1521255
2018-12-19,1849.949951,1858.000000,1842.000000,1844.800049,1777.583618,1687085
2018-12-20,1839.000000,1854.900024,1821.000000,1834.250000,1767.418091,1500656
2018-12-21,1833.000000,1842.599976,1800.000000,1803.500000,1737.788330,1439522
2018-12-24,1814.000000,1814.000000,1777.550049,1784.650024,1719.625244,1023418
2018-12-26,1760.000000,1798.650024,1741.250000,1791.599976,1726.322021,2212019
2018-12-27,1802.699951,1823.000000,1793.150024,1814.900024,1748.773071,1516851
2018-12-28,1817.900024,1834.900024,1815.699951,1822.050049,1755.662598,963189
2018-12-31,1830.000000,1836.900024,1811.250000,1819.650024,1753.349854,757071
2019-01-01,1824.800049,1824.800049,1798.349976,1801.099976,1735.475830,807345
2019-01-02,1792.400024,1808.849976,1771.300049,1784.599976,1719.577026,1598707
2019-01-03,1782.599976,1803.449951,1782.599976,1788.400024,1723.238403,1182624
2019-01-04,1798.900024,1802.000000,1772.150024,1781.699951,1716.782471,1454134
2019-01-07,1791.500000,1804.000000,1782.449951,1784.949951,1719.914063,909032
2019-01-08,1792.000000,1793.500000,1761.099976,1770.849976,1706.327881,1262707
2019-01-09,1777.500000,1797.000000,1773.400024,1785.000000,1719.962402,1324628
2019-01-10,1785.000000,1799.099976,1779.000000,1786.199951,1721.118530,1313981
2019-01-11,1795.000000,1795.400024,1758.550049,1769.400024,1704.930786,1113837
2019-01-14,1771.000000,1780.750000,1760.099976,1763.900024,1699.631226,1018068
2019-01-15,1767.400024,1793.400024,1767.400024,1789.849976,1724.635620,1614600
2019-01-16,1790.000000,1794.800049,1766.800049,1772.550049,1707.965942,2054033
2019-01-17,1776.900024,1779.250000,1742.500000,1751.500000,1687.682861,1941204
2019-01-18,1750.000000,1768.849976,1727.300049,1744.099976,1680.552490,3234056
2019-01-21,1749.000000,1758.000000,1736.050049,1746.900024,1683.250610,1628067
2019-01-22,1746.000000,1755.000000,1741.250000,1750.199951,1686.430054,1776472
2019-01-23,1752.000000,1784.050049,1749.400024,1767.199951,1702.811035,2321782
2019-01-24,1766.800049,1784.050049,1756.699951,1759.500000,1695.391602,1350870
2019-01-25,1762.000000,1778.750000,1750.000000,1756.800049,1692.790161,1131790
2019-01-28,1758.900024,1771.550049,1740.150024,1743.000000,1679.492798,1289774
2019-01-29,1745.000000,1763.849976,1726.099976,1756.699951,1692.693359,1319822
2019-01-30,1760.000000,1760.750000,1728.099976,1733.349976,1670.194336,1259978
2019-01-31,1735.900024,1774.900024,1735.250000,1763.250000,1699.005005,1880257
2019-02-01,1763.250000,1832.500000,1761.449951,1799.300049,1733.741455,2342251
2019-02-04,1799.900024,1823.000000,1794.699951,1802.599976,1736.921143,1116390
2019-02-05,1805.000000,1834.949951,1804.949951,1821.449951,1755.084229,1278708
2019-02-06,1828.400024,1836.449951,1820.000000,1829.949951,1763.274414,859789
2019-02-07,1834.000000,1845.000000,1828.349976,1839.050049,1772.042969,927434
2019-02-08,1839.099976,1847.000000,1811.000000,1817.300049,1751.085449,1222765
2019-02-11,1811.050049,1815.400024,1795.750000,1804.800049,1739.040894,797453
2019-02-12,1810.000000,1812.000000,1789.000000,1794.500000,1729.116211,990035
2019-02-14,1796.000000,1798.500000,1777.000000,1785.050049,1720.010620,1341658
2019-02-15,1790.000000,1790.000000,1747.500000,1772.800049,1708.206909,1177218
2019-02-18,1775.099976,1775.099976,1735.000000,1751.900024,1688.068481,1513430
2019-02-19,1750.000000,1759.599976,1730.449951,1737.949951,1674.626709,1598381
2019-02-20,1742.699951,1745.949951,1722.000000,1733.500000,1670.338989,1430235
2019-02-21,1737.000000,1758.000000,1736.349976,1754.699951,1690.766357,1225418
2019-02-22,1760.000000,1773.000000,1751.949951,1768.550049,1704.111816,1360163
2019-02-25,1772.000000,1775.800049,1759.000000,1770.150024,1705.653564,1490746
2019-02-26,1763.400024,1785.900024,1762.000000,1772.250000,1707.676880,2190515
2019-02-27,1779.000000,1779.000000,1728.550049,1736.500000,1673.229370,1491740
2019-02-28,1749.000000,1756.650024,1727.599976,1732.650024,1669.519775,1895136
2019-03-01,1735.000000,1749.000000,1731.050049,1734.650024,1671.446899,761115
2019-03-05,1739.800049,1739.800049,1717.500000,1724.599976,1661.763062,1406843
2019-03-06,1726.099976,1730.000000,1697.949951,1699.800049,1637.866699,2193045
2019-03-07,1706.349976,1720.000000,1699.800049,1705.400024,1643.262573,1566441
2019-03-08,1706.000000,1718.000000,1695.099976,1701.599976,1639.600952,1419614
2019-03-11,1708.750000,1726.000000,1703.000000,1714.949951,1652.464478,1427771
2019-03-12,1718.900024,1739.000000,1718.800049,1734.800049,1671.591431,1861116
2019-03-13,1749.000000,1755.500000,1741.099976,1747.599976,1683.925049,1744331
2019-03-14,1750.750000,1751.699951,1730.199951,1737.300049,1674.000366,867427
2019-03-15,1745.000000,1746.500000,1694.449951,1698.400024,1636.517822,3571762
2019-03-18,1710.000000,1710.949951,1686.900024,1697.550049,1635.698608,1621113
2019-03-19,1697.599976,1709.400024,1688.199951,1699.650024,1637.722168,1456211
2019-03-20,1705.000000,1716.500000,1683.449951,1687.550049,1626.063110,2312268
2019-03-22,1687.550049,1703.849976,1673.699951,1678.050049,1616.909180,1636228
2019-03-25,1674.000000,1687.500000,1660.000000,1673.849976,1612.862183,2039945
2019-03-26,1679.900024,1691.550049,1674.000000,1683.800049,1622.449707,1452899
2019-03-27,1684.000000,1707.800049,1675.000000,1680.800049,1619.559082,1520533
2019-03-28,1685.000000,1692.000000,1673.400024,1683.900024,1622.546143,1852958
2019-04-01,1710.000000,1721.349976,1686.000000,1690.000000,1628.423706,1283162
2019-04-02,1693.150024,1697.000000,1680.099976,1687.150024,1625.677490,1227869
2019-04-03,1682.000000,1686.599976,1668.650024,1670.800049,1609.923340,1233102
2019-04-04,1668.000000,1686.599976,1658.000000,1666.550049,1605.828247,1212398
2019-04-05,1670.000000,1671.500000,1650.000000,1659.099976,1598.649658,1468074
2019-04-08,1664.900024,1679.750000,1656.900024,1664.900024,1604.238159,1647502
2019-04-09,1668.800049,1683.900024,1662.250000,1680.500000,1619.269897,1232434
2019-04-10,1684.699951,1704.650024,1675.000000,1694.150024,1632.422485,1720236
2019-04-11,1703.000000,1716.500000,1698.050049,1710.400024,1648.080444,2026954
2019-04-12,1716.400024,1724.699951,1710.199951,1721.650024,1658.920654,1437818
2019-04-15,1725.000000,1731.199951,1713.099976,1722.050049,1659.306030,1035378
2019-04-16,1726.000000,1742.000000,1716.150024,1738.550049,1675.204956,1625738
2019-04-18,1738.550049,1744.099976,1729.250000,1739.900024,1676.505737,1475552
2019-04-22,1740.000000,1745.000000,1730.099976,1739.849976,1676.457397,717781
2019-04-23,1742.000000,1748.000000,1733.099976,1744.199951,1680.648926,802947
2019-04-24,1744.599976,1755.000000,1735.000000,1752.599976,1688.742920,1169461
2019-04-25,1756.000000,1762.599976,1727.199951,1734.199951,1671.013306,1704890
2019-04-26,1738.000000,1750.800049,1726.150024,1747.349976,1683.684082,772993
2019-04-30,1750.000000,1762.000000,1744.949951,1757.699951,1693.657104,1171594
2019-05-02,1756.500000,1762.500000,1720.250000,1723.550049,1660.751465,793819
2019-05-03,1720.000000,1727.000000,1682.000000,1693.550049,1631.844482,1442888
2019-05-06,1687.000000,1687.000000,1656.000000,1668.900024,1608.092651,2373878
2019-05-07,1678.800049,1710.900024,1672.500000,1697.500000,1635.650391,2212617
2019-05-08,1697.500000,1697.500000,1675.000000,1688.699951,1627.171021,1243338
2019-05-09,1680.099976,1713.000000,1677.000000,1703.750000,1641.672729,1204995
2019-05-10,1708.949951,1709.000000,1678.500000,1687.449951,1625.966675,1000696
2019-05-13,1692.000000,1717.000000,1688.699951,1702.000000,1639.986572,1160287
2019-05-14,1700.000000,1710.000000,1680.199951,1698.500000,1636.614014,1442817
2019-05-15,1700.000000,1703.000000,1666.949951,1671.050049,1610.164429,1235429
2019-05-16,1674.699951,1700.000000,1672.199951,1688.199951,1626.689209,714690
2019-05-17,1690.099976,1742.199951,1685.199951,1736.800049,1673.518555,1502484
2019-05-20,1760.000000,1776.650024,1734.849976,1772.500000,1707.917847,1279236
2019-05-21,1772.900024,1797.449951,1772.900024,1785.250000,1720.203125,1337466
2019-05-22,1785.000000,1785.000000,1747.349976,1768.300049,1703.870850,1162653
2019-05-23,1785.949951,1804.900024,1745.000000,1753.849976,1689.947388,1551172
2019-05-24,1754.000000,1759.800049,1727.099976,1749.599976,1685.852173,1603085
2019-05-27,1749.000000,1775.949951,1736.000000,1771.949951,1707.387817,1373845
2019-05-28,1775.000000,1786.000000,1754.500000,1776.900024,1712.157593,2863139
2019-05-29,1775.000000,1789.349976,1770.400024,1780.849976,1715.963623,899619
2019-05-30,1788.000000,1792.000000,1781.000000,1784.250000,1719.239624,1038433
2019-05-31,1786.699951,1802.650024,1764.000000,1788.500000,1723.334961,1329926
2019-06-03,1794.000000,1845.000000,1792.000000,1839.699951,1772.669189,1415582
2019-06-04,1831.000000,1845.500000,1807.099976,1815.599976,1749.447388,842283
2019-06-06,1822.150024,1849.900024,1812.099976,1837.750000,1770.790283,1626007
2019-06-07,1833.000000,1844.750000,1815.000000,1830.750000,1764.045654,698970
2019-06-10,1839.800049,1864.949951,1835.000000,1852.500000,1785.003052,814577
2019-06-11,1855.099976,1856.800049,1832.099976,1839.800049,1772.765747,591026
2019-06-12,1838.000000,1853.250000,1822.050049,1847.099976,1779.799805,709916
2019-06-13,1847.050049,1848.699951,1823.050049,1845.500000,1778.257935,697830
2019-06-14,1843.000000,1853.250000,1816.349976,1822.949951,1756.529663,632971
2019-06-17,1831.900024,1831.900024,1804.599976,1818.050049,1751.808350,669276
2019-06-18,1810.500000,1818.150024,1793.000000,1809.599976,1743.665894,995083
2019-06-19,1816.800049,1824.949951,1802.000000,1811.699951,1745.689453,600455
2019-06-20,1799.000000,1809.449951,1791.500000,1805.050049,1751.852417,603514
2019-06-21,1810.000000,1812.000000,1760.300049,1766.650024,1714.584106,2512357
2019-06-24,1769.000000,1777.599976,1756.699951,1764.449951,1712.448853,762144
2019-06-25,1769.699951,1769.699951,1745.000000,1756.449951,1704.684570,941132
2019-06-26,1753.000000,1765.000000,1746.400024,1761.000000,1709.100464,1075017
2019-06-27,1768.000000,1787.550049,1760.250000,1774.400024,1722.105591,1235049
2019-06-28,1777.250000,1790.650024,1762.750000,1787.599976,1734.916626,1008229
2019-07-01,1798.900024,1798.900024,1772.650024,1780.199951,1727.734741,553283
2019-07-02,1784.000000,1798.000000,1770.000000,1789.199951,1736.469482,763979
2019-07-03,1793.000000,1796.849976,1776.900024,1784.699951,1732.102173,815571
2019-07-04,1780.550049,1798.699951,1780.550049,1793.599976,1740.739746,646633
2019-07-05,1800.000000,1816.000000,1786.000000,1791.400024,1738.604614,1098940
2019-07-08,1784.750000,1784.750000,1748.699951,1753.550049,1701.870239,776755
2019-07-09,1752.000000,1756.000000,1724.099976,1740.250000,1688.962280,1462668
2019-07-10,1739.000000,1754.900024,1703.099976,1718.599976,1667.950073,648476
2019-07-11,1708.000000,1742.650024,1708.000000,1730.900024,1679.887817,813618
2019-07-12,1726.800049,1738.250000,1708.250000,1713.199951,1662.709229,1107445
2019-07-15,1715.000000,1724.699951,1702.000000,1716.949951,1666.348877,725180
2019-07-16,1723.500000,1750.599976,1712.750000,1741.300049,1689.981201,1259786
2019-07-17,1740.000000,1765.550049,1725.849976,1760.699951,1708.809326,1278232
2019-07-18,1766.000000,1766.000000,1709.000000,1739.150024,1687.894531,1006299
2019-07-19,1748.000000,1761.949951,1709.150024,1720.400024,1669.697266,983217
2019-07-22,1722.300049,1724.699951,1659.050049,1680.699951,1631.166992,1729722
2019-07-23,1683.000000,1701.550049,1667.300049,1693.349976,1643.444336,1556691
2019-07-24,1685.000000,1732.000000,1678.599976,1728.650024,1677.704102,2621818
2019-07-25,1730.000000,1749.900024,1728.000000,1736.650024,1685.468140,1297267
2019-07-26,1731.099976,1742.000000,1719.300049,1730.650024,1679.644897,771408
2019-07-29,1729.000000,1739.800049,1700.000000,1713.300049,1662.806274,688427
2019-07-30,1715.000000,1734.349976,1705.000000,1719.900024,1669.211914,747251
2019-07-31,1719.000000,1753.050049,1701.050049,1726.650024,1675.763062,1371879
2019-08-01,1721.000000,1744.699951,1710.000000,1731.300049,1680.275879,1072498
2019-08-02,1722.199951,1742.000000,1706.000000,1737.449951,1686.244507,1051529
2019-08-05,1727.900024,1753.449951,1707.699951,1741.199951,1689.884155,1539739
2019-08-06,1731.500000,1760.000000,1727.550049,1744.099976,1692.698608,1409075
2019-08-07,1744.099976,1786.900024,1740.000000,1777.250000,1724.871704,2507314
2019-08-08,1780.500000,1807.000000,1780.500000,1803.099976,1749.959839,1761732
2019-08-09,1805.000000,1846.650024,1800.900024,1841.349976,1787.082642,1730596
2019-08-13,1838.000000,1838.000000,1802.150024,1824.750000,1770.971802,1907934
2019-08-14,1826.000000,1854.150024,1808.699951,1839.050049,1784.850342,1910376
2019-08-16,1838.000000,1847.550049,1816.050049,1828.650024,1774.756836,1468390
2019-08-19,1830.150024,1845.000000,1811.000000,1820.900024,1767.235229,905742
2019-08-20,1822.000000,1849.699951,1813.000000,1843.400024,1789.072021,1231835
2019-08-21,1842.900024,1855.750000,1836.000000,1850.000000,1795.477661,1933855
2019-08-22,1850.449951,1880.000000,1841.900024,1872.099976,1816.926270,2543055
2019-08-23,1874.750000,1877.349976,1850.650024,1860.000000,1805.182861,1278546
2019-08-26,1867.500000,1883.699951,1850.000000,1876.550049,1821.245361,855849
2019-08-27,1884.000000,1889.000000,1841.949951,1861.400024,1806.541504,2510386
2019-08-28,1835.000000,1848.400024,1812.500000,1828.099976,1774.222900,2519453
2019-08-29,1817.000000,1843.650024,1814.099976,1832.949951,1778.930176,2837369
2019-08-30,1834.199951,1886.400024,1827.150024,1881.900024,1826.437500,1766858
2019-09-03,1863.000000,1875.800049,1835.000000,1841.849976,1787.567749,1195923
2019-09-04,1847.000000,1859.050049,1817.300049,1846.599976,1792.177734,1147464
2019-09-05,1842.000000,1843.949951,1818.150024,1829.750000,1775.824463,1059065
2019-09-06,1831.000000,1843.349976,1814.199951,1819.150024,1765.536743,631575
2019-09-09,1819.000000,1858.000000,1815.400024,1834.050049,1779.997803,1175372
2019-09-11,1831.000000,1847.550049,1817.300049,1824.300049,1770.535034,1055039
2019-09-12,1826.000000,1833.599976,1798.500000,1805.400024,1752.192139,862635
2019-09-13,1806.000000,1825.000000,1793.599976,1805.550049,1752.337769,1299932
2019-09-16,1801.000000,1824.750000,1800.000000,1816.300049,1762.770874,945889
2019-09-17,1814.750000,1842.000000,1812.000000,1831.199951,1777.231567,1424258
2019-09-18,1839.500000,1843.949951,1818.650024,1829.199951,1775.290649,751391
2019-09-19,1830.000000,1843.599976,1808.250000,1812.750000,1759.325439,644684
2019-09-20,1823.000000,1992.000000,1810.250000,1969.750000,1911.698364,4539742
2019-09-23,1984.000000,2100.649902,1984.000000,2039.750000,1979.635376,3783357
2019-09-24,2045.000000,2067.899902,2009.099976,2050.449951,1990.020020,1784798
2019-09-25,2041.000000,2062.449951,2011.849976,2051.500000,1991.038940,1874109
2019-09-26,2055.000000,2075.000000,2016.949951,2034.400024,1974.443115,3907951
2019-09-27,2026.000000,2044.650024,2005.500000,2010.900024,1951.635620,1458672
2019-09-30,2007.900024,2017.900024,1971.400024,1981.949951,1923.538818,2169407
2019-10-01,1989.000000,2019.900024,1983.000000,1990.300049,1931.642822,1080409
2019-10-03,1984.750000,1985.300049,1958.349976,1962.050049,1904.225342,1423468
2019-10-04,1966.000000,1977.300049,1939.099976,1944.199951,1886.901367,1723988
2019-10-07,1943.949951,1962.949951,1927.650024,1940.050049,1882.873779,880275
2019-10-09,1950.000000,1962.699951,1941.250000,1948.000000,1890.589355,1066739
2019-10-10,1948.000000,1982.500000,1935.599976,1968.750000,1910.727905,1492290
2019-10-11,1985.849976,2016.900024,1975.500000,2004.650024,1945.569824,1934337
2019-10-14,2022.400024,2031.449951,2006.250000,2014.250000,1954.886963,2135148
2019-10-15,2050.000000,2077.300049,2025.800049,2064.399902,2003.558716,5761733
2019-10-16,2065.300049,2080.000000,2052.600098,2071.000000,2009.964478,1661705
2019-10-17,2067.500000,2108.000000,2061.949951,2103.850098,2041.846191,2001245
2019-10-18,2100.000000,2116.000000,2090.699951,2106.850098,2044.757813,2202270
2019-10-22,2120.000000,2149.000000,2112.000000,2127.350098,2064.653809,1737401
2019-10-23,2119.449951,2137.449951,2098.000000,2133.250000,2081.140625,1535786
2019-10-24,2141.000000,2150.000000,2118.050049,2133.350098,2081.238525,973453
2019-10-25,2147.550049,2156.500000,2129.300049,2145.100098,2092.701416,1612038
2019-10-27,null,null,null,null,null,null
2019-10-29,2135.000000,2163.949951,2111.399902,2160.199951,2107.432373,1229516
2019-10-30,2180.000000,2180.000000,2142.000000,2169.399902,2116.407715,1195298
2019-10-31,2165.000000,2187.250000,2159.300049,2175.350098,2122.212402,1752830
2019-11-01,2165.100098,2184.300049,2146.399902,2179.350098,2126.115234,1609685
2019-11-04,2179.350098,2186.850098,2149.800049,2158.149902,2105.432373,1523698
2019-11-05,2153.500000,2175.750000,2143.149902,2172.149902,2119.090820,2167085
2019-11-06,2166.000000,2184.000000,2155.000000,2179.449951,2126.212402,1093243
2019-11-07,2190.000000,2190.000000,2128.000000,2138.250000,2086.018799,1970785
2019-11-08,2135.000000,2145.149902,2083.000000,2086.399902,2035.435425,1537851
2019-11-11,2081.300049,2100.050049,2068.050049,2081.350098,2030.508667,1050170
2019-11-13,2084.000000,2094.899902,2072.449951,2091.000000,2039.922729,868433
2019-11-14,2090.600098,2090.600098,2061.449951,2069.050049,2018.509155,1291198
2019-11-15,2062.250000,2099.000000,2050.550049,2057.699951,2007.436279,958290
2019-11-18,2059.800049,2075.350098,2038.000000,2056.199951,2005.972900,1200573
2019-11-19,2060.050049,2060.050049,2030.000000,2037.750000,1987.973633,1413218
2019-11-20,2044.000000,2052.850098,2017.050049,2026.500000,1976.998535,989673
2019-11-21,2027.000000,2059.949951,2017.000000,2048.649902,1998.607422,1397175
2019-11-22,2050.000000,2053.199951,2008.000000,2028.349976,1978.803223,835864
2019-11-25,2022.099976,2066.949951,2022.099976,2062.399902,2012.021484,862520
2019-11-26,2059.000000,2080.750000,2032.300049,2058.350098,2008.070557,3188224
2019-11-27,2062.550049,2099.899902,2055.850098,2093.250000,2042.118164,1259986
2019-11-28,2097.949951,2098.350098,2067.000000,2087.149902,2036.166992,1026831
2019-11-29,2084.000000,2084.500000,2031.000000,2035.300049,1985.583618,1298616
2019-12-02,2038.000000,2062.000000,2029.250000,2043.199951,1993.290405,1600494
2019-12-03,2041.000000,2053.100098,2020.150024,2028.449951,1978.900757,1199012
2019-12-04,2027.000000,2052.000000,2022.000000,2048.000000,1997.973267,1046309
2019-12-05,2047.800049,2047.800049,2027.300049,2037.449951,1987.680908,961085
2019-12-06,2044.000000,2049.000000,2022.000000,2026.050049,1976.559448,657658
2019-12-09,2030.000000,2032.050049,1991.199951,2008.150024,1959.096802,964222
2019-12-10,2014.900024,2041.599976,2011.000000,2025.349976,1975.876587,1610623
2019-12-11,2027.900024,2030.000000,1998.000000,2010.449951,1961.340454,967708
2019-12-12,2010.000000,2034.500000,2002.000000,2007.349976,1958.316284,955318
2019-12-13,2018.449951,2024.000000,2000.000000,2006.199951,1957.194336,1212988
2019-12-16,2000.000000,2011.000000,1968.150024,1974.750000,1926.512695,1683941
2019-12-17,1979.000000,1994.949951,1950.000000,1961.349976,1913.439941,2189167
2019-12-18,1960.000000,1966.599976,1907.349976,1928.550049,1881.441162,3986106
2019-12-19,1931.900024,1966.400024,1930.050049,1951.099976,1903.440186,2035095
2019-12-20,1950.000000,1959.900024,1931.449951,1943.099976,1895.635742,2169685
2019-12-23,1949.250000,1962.000000,1944.400024,1950.400024,1902.757446,807062
2019-12-24,1952.000000,1964.800049,1940.400024,1946.400024,1898.855103,790621
2019-12-26,1950.800049,1954.250000,1938.500000,1944.949951,1897.440430,862164
2019-12-27,1946.900024,1954.449951,1934.000000,1949.900024,1902.269653,937907
2019-12-30,1949.900024,1954.250000,1927.500000,1937.250000,1889.928589,1117498
2019-12-31,1940.000000,1946.599976,1920.099976,1923.000000,1876.026611,706593
2020-01-01,1930.000000,1939.900024,1918.000000,1936.550049,1889.245728,543035
2020-01-02,1940.000000,1952.599976,1930.000000,1938.050049,1890.709106,663275
2020-01-03,1937.900024,1940.000000,1918.750000,1927.449951,1880.367798,1598825
2020-01-06,1927.349976,1929.400024,1911.250000,1915.449951,1868.661011,683129
2020-01-07,1919.250000,1931.000000,1918.000000,1920.699951,1873.782715,808935
2020-01-08,1910.000000,1936.050049,1906.449951,1929.349976,1882.221436,1889685
2020-01-09,1941.550049,1947.300049,1931.000000,1935.050049,1887.782471,1544334
2020-01-10,1940.900024,1957.500000,1931.650024,1954.000000,1906.269409,1003336
2020-01-13,1961.000000,1997.849976,1957.000000,1994.849976,1946.121582,2040089
2020-01-14,1995.500000,2014.949951,1982.400024,2008.800049,1959.730835,1610737
2020-01-15,2011.150024,2027.000000,1997.349976,2021.650024,1972.267090,1559491
2020-01-16,2022.000000,2054.699951,2016.099976,2049.250000,1999.192749,2468958
2020-01-17,2055.000000,2063.899902,2040.050049,2060.300049,2009.972900,994719
2020-01-20,2060.500000,2075.899902,2050.000000,2062.850098,2012.460693,829399
2020-01-21,2059.750000,2075.000000,2052.149902,2055.399902,2005.192505,750000
2020-01-22,2063.000000,2063.500000,2027.199951,2051.699951,2001.582764,983169
2020-01-23,2051.750000,2060.850098,2035.000000,2056.899902,2006.655884,708017
2020-01-24,2057.000000,2079.000000,2050.050049,2073.699951,2023.045410,914993
2020-01-27,2066.000000,2068.750000,2056.750000,2061.350098,2010.997314,429312
2020-01-28,2062.000000,2065.000000,2042.699951,2060.600098,2010.265625,777052
2020-01-29,2062.050049,2085.800049,2062.050049,2074.199951,2023.533447,873433
2020-01-30,2074.899902,2078.000000,2049.449951,2058.100098,2007.826782,952768
2020-01-31,2064.000000,2068.250000,2020.050049,2034.250000,1984.559082,1930834
2020-02-03,2074.899902,2195.550049,2074.899902,2178.949951,2125.724609,4012542
2020-02-04,2177.000000,2204.199951,2140.000000,2155.600098,2102.944824,1932121
2020-02-05,2167.399902,2184.000000,2153.899902,2160.300049,2107.530029,1514368
2020-02-06,2166.000000,2196.250000,2134.050049,2156.399902,2103.725342,1302116
2020-02-07,2165.000000,2172.000000,2141.600098,2159.949951,2107.188477,908152
2020-02-10,2160.100098,2189.550049,2151.699951,2159.300049,2106.554688,1389847
2020-02-11,2169.000000,2179.649902,2147.699951,2152.649902,2100.066895,777506
2020-02-12,2157.100098,2272.000000,2155.000000,2260.350098,2205.136230,4753325
2020-02-13,2256.000000,2288.949951,2233.050049,2283.399902,2227.623047,2950407
2020-02-14,2273.000000,2297.600098,2246.250000,2255.050049,2199.965576,1728651
2020-02-17,2248.000000,2289.000000,2243.199951,2252.600098,2197.575439,1420851
2020-02-18,2252.600098,2262.949951,2222.100098,2234.399902,2179.820068,1194605
2020-02-19,2250.199951,2308.199951,2241.250000,2292.149902,2236.159180,1299800
2020-02-20,2282.199951,2289.949951,2242.500000,2248.250000,2193.331543,1555224
2020-02-24,2236.800049,2262.000000,2210.100098,2215.149902,2161.040039,1409245
2020-02-25,2239.899902,2279.699951,2225.750000,2233.600098,2179.039795,2237493
2020-02-26,2238.800049,2255.699951,2202.350098,2236.199951,2181.576172,2896154
2020-02-27,2241.949951,2259.699951,2200.000000,2254.949951,2199.867920,2446802
2020-02-28,2191.100098,2229.399902,2155.000000,2174.750000,2121.627197,3837330
2020-03-02,2190.000000,2241.949951,2141.850098,2159.449951,2106.700928,1707337
2020-03-03,2171.899902,2189.600098,2141.699951,2166.649902,2113.724854,1753148
2020-03-04,2179.000000,2185.050049,2152.000000,2175.850098,2122.700439,1515878
2020-03-05,2185.000000,2258.649902,2181.850098,2218.000000,2163.820557,2272645
2020-03-06,2185.000000,2250.000000,2159.250000,2188.899902,2135.431641,2479414
2020-03-09,2140.000000,2169.600098,2112.000000,2121.500000,2069.677979,2485118
2020-03-11,2066.000000,2169.449951,2066.000000,2155.000000,2102.359619,2861629
2020-03-12,2102.399902,2123.000000,2031.650024,2055.949951,2005.729004,3655780
2020-03-13,1970.000000,2120.000000,1888.099976,2033.199951,1983.534790,3667035
2020-03-16,2000.000000,2039.199951,1933.900024,1941.900024,1894.465088,2948679
2020-03-17,1955.550049,2088.000000,1951.949951,2004.050049,1955.096924,3732382
2020-03-18,2034.050049,2063.800049,1909.349976,1923.800049,1876.807129,3910994
2020-03-19,1894.300049,1899.000000,1757.300049,1838.300049,1793.395752,5095006
2020-03-20,1850.000000,2078.899902,1850.000000,2051.699951,2001.582764,4252245
2020-03-23,1950.000000,1985.050049,1850.000000,1869.699951,1824.028687,3574673
2020-03-24,1975.000000,2070.949951,1930.000000,2027.849976,1978.315430,5788124
2020-03-25,2010.050049,2138.949951,2001.650024,2088.149902,2037.142456,3959038
2020-03-26,2089.000000,2250.000000,2060.000000,2194.899902,2141.284912,3201540
2020-03-27,2239.000000,2267.649902,2120.500000,2140.550049,2088.262451,2918646
2020-03-30,2123.000000,2213.000000,2102.850098,2184.350098,2130.992920,2809606
2020-03-31,2234.800049,2313.000000,2185.000000,2298.500000,2242.354248,2809269
2020-04-01,2293.199951,2324.899902,2158.050049,2179.649902,2126.407471,2774626
2020-04-03,2234.000000,2254.100098,2127.949951,2154.100098,2101.481689,4121436
2020-04-07,2220.000000,2460.000000,2220.000000,2444.899902,2385.178223,8510114
2020-04-08,2432.000000,2614.300049,2417.399902,2460.850098,2400.738770,9791862
2020-04-09,2499.949951,2500.000000,2345.000000,2372.250000,2314.302734,4770068
2020-04-13,2381.000000,2423.000000,2315.000000,2346.449951,2289.133057,3249551
2020-04-15,2425.949951,2516.600098,2381.500000,2487.550049,2426.786621,29485531
2020-04-16,2466.000000,2526.149902,2421.100098,2436.100098,2376.593262,5388243
2020-04-17,2498.800049,2498.800049,2354.050049,2385.000000,2326.741455,4540936
2020-04-20,2420.000000,2420.000000,2321.000000,2336.550049,2279.474854,2985268
2020-04-21,2283.000000,2378.000000,2282.000000,2317.399902,2260.792725,3227335
2020-04-22,2317.949951,2399.949951,2275.649902,2386.149902,2327.863281,2837815
2020-04-23,2389.000000,2413.000000,2308.050049,2317.500000,2260.890137,4095570
2020-04-24,2311.000000,2338.000000,2280.000000,2283.100098,2227.330566,2169013
2020-04-27,2305.000000,2329.399902,2283.250000,2320.449951,2263.768066,2013715
2020-04-28,2338.649902,2338.649902,2267.000000,2289.949951,2234.013184,2164023
2020-04-29,2290.000000,2291.699951,2221.000000,2231.750000,2177.234863,3642151
2020-04-30,2272.000000,2272.000000,2160.000000,2195.000000,2141.382324,8448047
2020-05-04,2130.000000,2160.000000,2066.000000,2082.649902,2031.776855,8474573
2020-05-05,2101.199951,2121.000000,2033.099976,2041.500000,1991.632080,4304136
2020-05-06,2049.949951,2073.000000,2000.000000,2010.199951,1961.096680,5127656
2020-05-07,1950.099976,2007.000000,1902.000000,1992.050049,1943.390137,185669922
2020-05-08,2074.949951,2098.000000,2036.000000,2089.449951,2038.410767,16100226
2020-05-11,2083.000000,2116.550049,2035.949951,2048.000000,1997.973267,11158755
2020-05-12,2020.000000,2027.849976,1985.000000,2011.550049,1962.413696,14881008
2020-05-13,2075.000000,2075.000000,1975.400024,1995.750000,1946.999512,8432979
2020-05-14,1988.000000,2026.550049,1980.650024,2006.050049,1957.048096,8510002
2020-05-15,2015.000000,2037.650024,2006.000000,2032.099976,1982.461670,5491136
2020-05-18,2041.500000,2047.849976,1988.599976,2005.250000,1956.267578,7675561
2020-05-19,2018.000000,2024.800049,1968.099976,1975.550049,1927.293213,5963193
2020-05-20,1975.550049,2010.000000,1975.000000,1990.849976,1942.219360,3926496
2020-05-21,1999.000000,2003.400024,1955.199951,1970.900024,1922.756592,4261625
2020-05-22,1975.000000,1995.050049,1958.000000,1987.900024,1939.341431,5339946
2020-05-26,2004.949951,2020.000000,1975.000000,1977.800049,1929.488037,4628932
2020-05-27,1990.000000,2005.099976,1961.000000,1998.099976,1949.292114,4261645
2020-05-28,2000.000000,2015.000000,1990.000000,2009.949951,1960.852661,5500796
2020-05-29,2009.000000,2068.000000,2000.000000,2057.350098,2007.094971,8778345
2020-06-01,2075.000000,2143.000000,2071.199951,2108.550049,2057.044189,6592547
2020-06-02,2122.000000,2125.000000,2090.000000,2107.399902,2055.922119,3268728
2020-06-03,2115.000000,2149.000000,2085.000000,2120.500000,2068.702148,4895117
2020-06-04,2115.000000,2132.399902,2105.250000,2120.600098,2068.800049,3264730
2020-06-05,2124.000000,2128.000000,2085.000000,2087.600098,2036.605957,2981853
2020-06-08,2107.000000,2124.500000,2078.100098,2111.699951,2060.117188,4298456
2020-06-09,2100.000000,2144.800049,2095.050049,2106.500000,2055.044189,3127904
2020-06-10,2115.899902,2130.000000,2096.000000,2119.600098,2067.824463,2421659
2020-06-11,2115.000000,2138.199951,2095.649902,2106.899902,2055.434570,2566927
2020-06-12,2065.250000,2119.000000,2065.000000,2107.250000,2055.775879,2338438
2020-06-15,2114.850098,2131.699951,2056.800049,2084.300049,2033.386597,2830788
2020-06-16,2109.800049,2120.000000,2057.000000,2076.350098,2025.630859,2806772
2020-06-17,2076.000000,2099.000000,2062.300049,2078.250000,2027.484253,2293301
2020-06-18,2070.250000,2084.850098,2054.050049,2065.350098,2014.899658,2326907
2020-06-19,2079.000000,2100.000000,2057.000000,2092.750000,2055.563965,4673528
2020-06-22,2110.000000,2118.899902,2087.000000,2100.800049,2063.470947,2487234
2020-06-23,2115.000000,2172.000000,2101.600098,2155.949951,2117.640869,4308814
2020-06-24,2172.000000,2176.899902,2125.000000,2130.300049,2092.446777,3023015
2020-06-25,2114.300049,2189.899902,2112.000000,2173.149902,2134.535156,8208033
2020-06-26,2179.949951,2179.949951,2138.100098,2154.199951,2115.921875,3176048
2020-06-29,2151.350098,2195.899902,2140.000000,2182.949951,2144.161133,3295039
2020-06-30,2193.800049,2199.949951,2170.000000,2180.000000,2141.263672,2373109
2020-07-01,2183.000000,2191.800049,2160.100098,2170.399902,2131.834229,1532931
2020-07-02,2167.750000,2177.649902,2145.000000,2151.750000,2113.515381,2588838
2020-07-03,2165.500000,2188.000000,2156.350098,2173.699951,2135.075439,1946252
2020-07-06,2180.000000,2180.000000,2153.000000,2161.600098,2123.190674,2375516
2020-07-07,2175.500000,2175.500000,2151.649902,2154.149902,2115.872803,2014667
2020-07-08,2153.600098,2194.000000,2125.000000,2186.050049,2147.206055,3349938
2020-07-09,2183.000000,2219.949951,2171.050049,2175.850098,2137.187500,3039571
2020-07-10,2170.000000,2232.000000,2167.449951,2223.800049,2184.285400,3179516
2020-07-13,2239.000000,2275.000000,2235.000000,2265.250000,2224.998779,4556662
2020-07-14,2264.800049,2269.949951,2226.600098,2234.750000,2195.041016,2403256
2020-07-15,2237.250000,2291.000000,2235.050049,2275.149902,2234.722900,2474512
2020-07-16,2275.250000,2291.300049,2238.000000,2287.850098,2247.197266,2495150
2020-07-17,2285.000000,2340.000000,2281.000000,2334.550049,2293.067383,3088712
2020-07-20,2334.550049,2343.300049,2300.600098,2330.949951,2289.531250,2816219
2020-07-21,2348.000000,2350.000000,2308.000000,2318.000000,2276.811279,3037810
2020-07-22,2330.000000,2330.000000,2241.250000,2248.500000,2208.546387,6950011
2020-07-23,2260.000000,2267.149902,2205.550049,2211.350098,2172.056641,3936886
2020-07-24,2200.000000,2220.000000,2168.050049,2209.300049,2170.042725,4203314
2020-07-27,2217.750000,2235.949951,2184.750000,2221.500000,2182.025879,2209409
2020-07-28,2230.949951,2244.899902,2211.050049,2242.550049,2202.702148,1567837
2020-07-29,2235.000000,2262.199951,2215.000000,2231.300049,2191.652100,2404978
2020-07-30,2231.300049,2238.050049,2190.100098,2195.600098,2165.807861,2044966
2020-07-31,2197.500000,2221.949951,2178.000000,2209.899902,2179.913574,1715659
2020-08-03,2209.800049,2223.050049,2188.550049,2204.500000,2174.586914,1683773
2020-08-04,2209.899902,2218.899902,2175.100098,2197.800049,2167.977783,1981720
2020-08-05,2202.000000,2209.899902,2181.050049,2194.550049,2164.771729,1715477
2020-08-06,2200.000000,2229.000000,2192.050049,2220.449951,2190.320313,1824483
2020-08-07,2223.000000,2234.800049,2205.000000,2210.550049,2180.554932,1777905
2020-08-10,2218.000000,2226.750000,2198.800049,2206.750000,2176.806152,1476289
2020-08-11,2209.050049,2233.000000,2206.000000,2210.649902,2180.653320,1665204
2020-08-12,2200.050049,2209.050049,2190.000000,2195.100098,2165.314453,1170430
2020-08-13,2200.000000,2217.000000,2190.949951,2198.649902,2168.816162,1453227
2020-08-14,2204.000000,2216.000000,2165.050049,2173.899902,2144.401855,1341664
2020-08-17,2181.000000,2203.649902,2168.399902,2196.050049,2166.251465,1559579
2020-08-18,2204.000000,2216.800049,2189.000000,2214.350098,2184.303223,1339001
2020-08-19,2206.000000,2221.500000,2190.000000,2193.600098,2163.834717,1585107
2020-08-20,2186.000000,2197.800049,2176.149902,2185.699951,2156.041992,1768939
2020-08-21,2199.000000,2208.699951,2187.449951,2202.050049,2172.170166,1374411
2020-08-24,2206.000000,2211.649902,2191.199951,2194.399902,2164.623779,1665474
2020-08-25,2194.399902,2197.899902,2175.000000,2179.100098,2149.531494,1774886
2020-08-26,2182.100098,2186.000000,2160.000000,2182.800049,2153.181152,2148146
2020-08-27,2182.100098,2188.000000,2165.000000,2171.250000,2141.787842,2172203
2020-08-28,2179.000000,2182.399902,2145.000000,2151.949951,2122.749756,1939520
2020-08-31,2152.000000,2167.500000,2100.649902,2117.350098,2088.619385,3534275
2020-09-01,2149.949951,2174.899902,2111.750000,2161.649902,2132.318115,1738003
2020-09-02,2171.000000,2185.000000,2136.550049,2141.649902,2112.589600,1667810
2020-09-03,2153.000000,2154.449951,2128.050049,2139.149902,2110.123291,1590711
2020-09-04,2115.000000,2140.899902,2114.000000,2124.649902,2095.820068,1590491
2020-09-07,2126.000000,2174.000000,2103.750000,2162.600098,2133.255371,2362992
2020-09-08,2154.000000,2171.350098,2131.149902,2142.250000,2113.181396,1804209
2020-09-09,2122.000000,2144.199951,2110.000000,2132.250000,2103.317139,2009898
2020-09-10,2142.000000,2143.600098,2118.199951,2133.899902,2104.944580,2137794
2020-09-11,2125.000000,2169.000000,2124.500000,2159.250000,2129.950684,1934110
2020-09-14,2167.000000,2169.699951,2115.000000,2123.500000,2094.685791,2096908
2020-09-15,2136.899902,2137.000000,2109.000000,2124.449951,2095.623047,1224058
2020-09-16,2125.000000,2158.949951,2112.699951,2143.500000,2114.414551,2087841
2020-09-17,2135.000000,2145.050049,2122.250000,2128.199951,2099.322021,1741644
2020-09-18,2120.000000,2127.550049,2090.000000,2098.699951,2070.222412,4475166
2020-09-21,2098.699951,2099.000000,2022.099976,2037.800049,2010.148804,3483963
2020-09-22,2040.550049,2054.750000,2000.050049,2026.800049,1999.298096,2345687
2020-09-23,2035.000000,2060.000000,2025.849976,2052.550049,2024.698608,2410295
2020-09-24,2044.000000,2081.000000,2035.050049,2060.899902,2032.935181,3798089
2020-09-25,2082.000000,2111.000000,2070.850098,2079.050049,2050.839111,2528873
2020-09-28,2083.000000,2092.350098,2060.000000,2063.300049,2035.302734,1523704
2020-09-29,2065.000000,2069.250000,2024.750000,2033.199951,2005.611084,2298844
2020-09-30,2038.949951,2097.000000,2034.000000,2068.250000,2040.185669,2417367
2020-10-01,2090.000000,2108.899902,2070.000000,2095.000000,2066.572754,2131531
2020-10-05,2100.000000,2123.300049,2082.199951,2111.050049,2082.404785,1646110
2020-10-06,2119.000000,2140.000000,2108.050049,2115.899902,2087.188965,1679499
2020-10-07,2123.000000,2150.000000,2113.000000,2139.350098,2110.321045,2428544
2020-10-08,2147.000000,2165.000000,2146.250000,2160.800049,2131.479736,1617365
2020-10-09,2150.000000,2166.949951,2121.100098,2139.649902,2110.616699,2001026
2020-10-12,2145.199951,2147.600098,2123.300049,2138.399902,2109.383789,1741166
2020-10-13,2137.949951,2153.250000,2128.000000,2138.199951,2109.186279,1679160
2020-10-14,2132.600098,2165.000000,2131.000000,2158.149902,2128.865479,2123033
2020-10-15,2160.000000,2179.699951,2141.050049,2152.550049,2123.341797,2344437
2020-10-16,2171.899902,2171.899902,2144.050049,2150.550049,2121.368896,1640399
2020-10-19,2153.550049,2185.000000,2152.100098,2177.800049,2148.249023,1605969
2020-10-20,2182.100098,2208.500000,2132.550049,2173.100098,2143.613037,5855290
2020-10-21,2190.000000,2196.750000,2136.000000,2163.149902,2133.797607,3954242
2020-10-22,2160.000000,2187.250000,2153.199951,2179.350098,2149.778320,2632958
2020-10-23,2188.899902,2188.899902,2140.000000,2143.850098,2114.759766,2805684
2020-10-26,2150.000000,2172.000000,2142.300049,2166.750000,2137.348877,1646050
2020-10-27,2157.000000,2189.000000,2152.449951,2176.699951,2147.164063,2334808
2020-10-28,2183.949951,2183.949951,2144.100098,2164.350098,2148.802246,1555483
2020-10-29,2142.000000,2160.000000,2116.000000,2122.100098,2106.855713,1934367
2020-10-30,2118.199951,2120.000000,2068.000000,2071.300049,2056.420654,2414313
2020-11-02,2072.000000,2087.649902,2056.000000,2072.000000,2057.115479,1486077
2020-11-03,2091.800049,2091.800049,2043.000000,2055.699951,2040.932617,2227402
2020-11-04,2050.000000,2085.000000,2049.949951,2060.050049,2045.251465,1479878
2020-11-05,2087.000000,2112.000000,2061.300049,2102.350098,2087.247559,2083827
2020-11-06,2105.000000,2123.949951,2086.000000,2094.149902,2079.106445,2127821
2020-11-09,2120.000000,2137.649902,2108.050049,2132.550049,2117.230713,2194404
2020-11-10,2140.000000,2144.199951,2092.500000,2136.600098,2121.251709,2471703
2020-11-11,2136.600098,2138.600098,2104.600098,2131.149902,2115.840576,2759942
2020-11-12,2129.000000,2204.000000,2123.250000,2192.100098,2176.352783,3010512
2020-11-13,2205.000000,2218.399902,2178.250000,2185.350098,2169.651367,2799165
2020-11-14,null,null,null,null,null,null
2020-11-17,2220.350098,2220.350098,2172.000000,2177.600098,2161.957031,2733542
2020-11-18,2170.000000,2170.000000,2125.899902,2132.100098,2116.783936,3315051
2020-11-19,2125.800049,2147.399902,2114.500000,2130.750000,2115.443604,2704650
2020-11-20,2135.000000,2142.000000,2100.500000,2120.250000,2105.019043,2827038
2020-11-23,2140.000000,2140.000000,2095.000000,2129.399902,2114.103027,3244576
2020-11-24,2132.000000,2161.000000,2122.399902,2157.350098,2141.852539,1989749
2020-11-25,2162.000000,2171.000000,2128.000000,2135.850098,2120.507080,1786536
2020-11-26,2140.000000,2162.000000,2122.550049,2154.199951,2138.725098,1630887
2020-11-27,2167.000000,2167.500000,2126.000000,2138.199951,2122.839844,5687861
2020-12-01,2159.000000,2159.000000,2129.600098,2133.050049,2117.727051,2226742
2020-12-02,2145.000000,2149.899902,2122.100098,2139.300049,2123.932129,1634682
2020-12-03,2153.000000,2156.399902,2120.100098,2127.750000,2112.465088,3469163
2020-12-04,2141.000000,2195.399902,2133.600098,2184.199951,2168.509521,3712143
2020-12-07,2189.250000,2259.600098,2187.000000,2256.149902,2239.942627,4147649
2020-12-08,2259.500000,2278.199951,2240.149902,2260.000000,2243.765137,2768211
2020-12-09,2260.000000,2296.000000,2243.250000,2292.199951,2275.733643,2123890
2020-12-10,2290.000000,2357.899902,2275.050049,2350.449951,2333.565186,3041370
2020-12-11,2366.250000,2385.000000,2333.000000,2374.750000,2357.690674,2611218
2020-12-14,2380.949951,2391.399902,2356.149902,2370.750000,2353.719482,1575632
2020-12-15,2361.000000,2363.949951,2307.300049,2320.050049,2303.383789,2207176
2020-12-16,2317.100098,2354.899902,2303.000000,2343.949951,2327.111816,1748634
2020-12-17,2342.000000,2342.000000,2310.000000,2315.300049,2298.667725,1912868
2020-12-18,2322.000000,2343.899902,2312.000000,2333.449951,2316.687256,2229891
2020-12-21,2343.000000,2350.000000,2265.100098,2305.949951,2289.385010,2003069
2020-12-22,2310.000000,2333.300049,2281.000000,2311.000000,2294.398682,1764488
2020-12-23,2320.000000,2377.300049,2303.250000,2370.350098,2353.322510,1559556
2020-12-24,2382.500000,2410.000000,2360.050049,2402.250000,2384.993164,2489444
2020-12-28,2405.000000,2417.399902,2376.050049,2388.899902,2371.739014,1532477
2020-12-29,2395.000000,2403.000000,2354.199951,2384.300049,2367.172119,1749013
2020-12-30,2390.000000,2414.649902,2376.000000,2406.600098,2389.312012,1924886
2020-12-31,2396.000000,2417.000000,2387.000000,2395.399902,2378.192383,1709836
2021-01-01,2395.399902,2404.000000,2382.000000,2387.550049,2370.398926,830096
2021-01-04,2405.000000,2430.000000,2400.699951,2426.500000,2409.068848,1614486
2021-01-05,2405.000000,2456.949951,2405.000000,2450.550049,2432.946289,2356303
2021-01-06,2445.800049,2450.000000,2401.600098,2417.300049,2399.935059,1641627
2021-01-07,2432.000000,2432.699951,2365.000000,2368.850098,2351.833252,2403881
2021-01-08,2390.000000,2400.000000,2360.800049,2391.199951,2374.022461,2797948
2021-01-11,2425.000000,2441.949951,2402.100098,2429.100098,2411.650391,2787672
2021-01-12,2429.800049,2433.100098,2372.000000,2375.899902,2358.832275,2036708
2021-01-13,2381.899902,2398.000000,2364.600098,2372.350098,2355.308105,1702740
2021-01-14,2366.000000,2406.000000,2351.149902,2398.550049,2381.319824,2120413
2021-01-15,2392.500000,2407.000000,2342.800049,2351.149902,2334.260254,2042957
2021-01-18,2374.500000,2374.500000,2320.649902,2332.600098,2315.843506,1733797
2021-01-19,2342.000000,2382.100098,2323.250000,2363.149902,2346.174072,1495269
2021-01-20,2357.000000,2373.949951,2346.300049,2355.949951,2339.025635,1380562
2021-01-21,2376.000000,2399.899902,2350.000000,2367.649902,2350.641602,1521133
2021-01-22,2359.000000,2422.000000,2357.000000,2409.350098,2392.042236,2548089
2021-01-25,2420.000000,2432.350098,2385.000000,2399.600098,2382.362305,2124424
2021-01-27,2425.000000,2425.000000,2335.000000,2391.300049,2374.121826,2460297
2021-01-28,2367.899902,2411.550049,2290.000000,2300.399902,2283.874756,3867335
2021-01-29,2315.100098,2322.300049,2251.000000,2263.899902,2247.636963,4472694
2021-02-01,2276.649902,2285.000000,2226.199951,2248.600098,2232.447021,2717591
2021-02-02,2271.050049,2275.000000,2205.000000,2230.449951,2214.427246,4215607
2021-02-03,2231.500000,2257.000000,2217.600098,2232.850098,2216.810059,2353429
2021-02-04,2239.000000,2259.000000,2226.199951,2245.600098,2229.468506,2908003
2021-02-05,2245.600098,2285.000000,2241.000000,2269.550049,2253.246582,4036942
2021-02-08,2288.000000,2288.699951,2230.300049,2236.649902,2220.582764,2780672
2021-02-09,2247.000000,2254.699951,2210.500000,2216.250000,2200.329346,3131481
2021-02-10,2220.000000,2241.000000,2212.750000,2235.500000,2219.440918,2055520
2021-02-11,2242.000000,2268.000000,2234.050049,2263.000000,2246.743408,1824480
2021-02-12,2268.000000,2272.250000,2232.000000,2241.550049,2225.447510,1222094
2021-02-15,2251.000000,2261.750000,2213.000000,2215.199951,2199.286865,2449407
2021-02-16,2227.000000,2229.050049,2190.050049,2196.100098,2180.324219,2396356
2021-02-17,2196.000000,2201.550049,2160.000000,2163.899902,2148.355225,2447956
2021-02-18,2164.000000,2168.550049,2143.199951,2146.850098,2131.427979,3205806
2021-02-19,2152.899902,2194.000000,2150.000000,2181.100098,2165.431885,3364030
2021-02-22,2205.000000,2205.000000,2161.600098,2167.600098,2152.028809,2678023
2021-02-23,2185.000000,2192.350098,2170.199951,2179.250000,2163.595215,2062144
2021-02-24,2188.500000,2188.500000,2155.550049,2178.850098,2163.197998,924143
2021-02-25,2177.000000,2185.000000,2160.000000,2163.300049,2147.759766,2099460
2021-02-26,2158.000000,2182.399902,2120.000000,2132.050049,2116.734131,3413194
2021-03-01,2135.199951,2154.000000,2128.000000,2143.399902,2128.002441,1229276
2021-03-02,2162.000000,2183.899902,2140.550049,2177.949951,2162.304443,2095135
2021-03-03,2205.000000,2205.000000,2173.500000,2193.500000,2177.742676,2031893
2021-03-04,2185.000000,2203.500000,2174.000000,2196.899902,2181.118164,2290915
2021-03-05,2184.600098,2209.949951,2175.250000,2201.100098,2185.288330,2129837
2021-03-08,2210.000000,2216.100098,2169.000000,2174.550049,2158.928955,1440724
2021-03-09,2176.000000,2205.000000,2162.050049,2198.500000,2182.706787,1711842
2021-03-10,2210.500000,2236.899902,2193.199951,2227.850098,2211.846191,2696085
2021-03-12,2236.000000,2239.899902,2200.000000,2204.750000,2188.911865,2038930
2021-03-15,2206.100098,2217.449951,2183.300049,2210.850098,2194.968262,1632022
2021-03-16,2221.350098,2247.500000,2214.300049,2244.050049,2227.929688,2633605
2021-03-17,2254.000000,2262.000000,2219.250000,2226.300049,2210.307129,3703365
2021-03-18,2238.000000,2249.899902,2205.000000,2215.199951,2199.286865,2597091
2021-03-19,2204.100098,2325.250000,2191.500000,2312.050049,2295.441162,5382214
2021-03-22,2310.100098,2356.500000,2302.000000,2353.199951,2336.295410,2471516
2021-03-23,2363.000000,2372.949951,2333.399902,2337.300049,2320.509766,1970612
2021-03-24,2337.300049,2350.899902,2315.550049,2318.600098,2301.944092,1762743
2021-03-25,2318.600098,2322.000000,2231.050049,2237.050049,2220.979980,2495833
2021-03-26,2255.000000,2325.000000,2248.800049,2317.899902,2301.249023,1929236
2021-03-30,2325.000000,2406.000000,2325.000000,2398.750000,2381.518311,3327203
2021-03-31,2386.000000,2438.600098,2381.649902,2431.500000,2414.032959,2709756
2021-04-01,2446.800049,2446.800049,2392.050049,2399.100098,2381.865967,1532653
2021-04-05,2400.000000,2417.199951,2346.500000,2373.199951,2356.151855,2545447
2021-04-06,2382.300049,2411.000000,2377.350098,2408.300049,2390.999756,3683538
2021-04-07,2417.000000,2435.000000,2387.350098,2405.250000,2387.971680,1713970
2021-04-08,2406.000000,2439.000000,2395.600098,2409.899902,2392.588135,1814515
2021-04-09,2424.000000,2483.000000,2424.000000,2476.000000,2458.213379,2604858
2021-04-12,2441.500000,2488.250000,2437.600098,2462.000000,2444.313965,2261945
2021-04-13,2470.000000,2505.899902,2448.800049,2454.399902,2436.768555,1811781
2021-04-15,2497.000000,2497.000000,2421.100098,2460.649902,2442.973633,3352379
2021-04-16,2469.899902,2478.949951,2440.000000,2458.899902,2441.236084,1225517
2021-04-19,2440.000000,2459.699951,2414.050049,2436.649902,2419.145996,1746316
2021-04-20,2456.000000,2456.000000,2383.800049,2397.449951,2380.227539,1589508
2021-04-22,2390.000000,2390.000000,2332.000000,2349.399902,2332.522705,1721265
2021-04-23,2340.000000,2350.000000,2300.000000,2307.750000,2291.172119,1949756
2021-04-26,2324.000000,2369.800049,2311.000000,2360.649902,2343.691895,1946867
2021-04-27,2363.000000,2386.449951,2352.949951,2379.850098,2362.754150,1668456
2021-04-28,2380.000000,2445.000000,2366.300049,2406.550049,2389.262207,1951215
2021-04-29,2433.000000,2448.949951,2384.149902,2407.600098,2390.304932,3151150
2021-04-30,2410.000000,2442.899902,2330.250000,2353.750000,2336.841553,4010778
2021-05-03,2343.000000,2415.000000,2340.000000,2408.000000,2390.701904,1692239
2021-05-04,2409.199951,2418.199951,2372.199951,2407.649902,2390.354248,1453111
2021-05-05,2434.000000,2434.000000,2368.649902,2394.649902,2377.447754,1256857
2021-05-06,2400.000000,2416.550049,2377.050049,2390.000000,2372.831055,1377740
2021-05-07,2408.800049,2424.000000,2397.149902,2411.199951,2393.878906,1169518
2021-05-10,2423.000000,2446.949951,2416.000000,2432.899902,2415.422852,988495
2021-05-11,2425.000000,2426.000000,2394.250000,2402.100098,2384.844238,1019077
2021-05-12,2389.000000,2389.000000,2325.050049,2328.949951,2312.219727,2053932
2021-05-14,2328.899902,2382.399902,2326.000000,2376.850098,2359.775635,1388970
2021-05-17,2385.000000,2395.000000,2366.500000,2376.250000,2359.179932,811243
2021-05-18,2402.100098,2408.350098,2366.949951,2374.250000,2357.194336,1153722
2021-05-19,2360.000000,2380.000000,2344.000000,2359.750000,2342.798584,1323590
2021-05-20,2360.000000,2362.000000,2340.000000,2344.149902,2327.310547,856235
2021-05-21,2340.000000,2366.149902,2340.000000,2362.250000,2345.280518,771492
2021-05-24,2355.000000,2359.949951,2325.250000,2336.550049,2319.765137,1194864
2021-05-25,2355.000000,2369.800049,2338.000000,2344.050049,2327.211426,1098457
2021-05-26,2355.750000,2370.199951,2345.250000,2354.000000,2337.089844,811095
2021-05-27,2353.000000,2353.000000,2322.899902,2326.399902,2309.687988,3755182
2021-05-28,2333.350098,2350.000000,2319.350098,2321.699951,2305.021729,1215325
2021-05-31,2325.000000,2345.000000,2320.149902,2340.050049,2323.239990,1178704
2021-06-01,2347.000000,2363.000000,2330.600098,2358.300049,2341.358887,1141451
2021-06-02,2356.000000,2373.649902,2350.000000,2358.800049,2341.855225,1113091
2021-06-03,2369.000000,2371.050049,2345.000000,2363.250000,2346.273438,868532
2021-06-04,2370.000000,2370.000000,2333.949951,2342.050049,2325.225586,1283795
2021-06-07,2354.000000,2354.000000,2331.000000,2339.300049,2322.495361,1128300
2021-06-08,2339.300049,2362.000000,2335.149902,2359.000000,2342.053955,1106664
2021-06-09,2362.000000,2371.949951,2345.600098,2356.000000,2339.075439,1072858
2021-06-10,2364.000000,2399.949951,2355.250000,2378.800049,2361.711670,1944339
2021-06-11,2381.000000,2388.550049,2360.000000,2366.500000,2349.500000,1128097
2021-06-14,2358.399902,2375.100098,2336.600098,2364.600098,2364.600098,1761632
2021-06-15,2360.000000,2395.000000,2360.000000,2391.949951,2391.949951,1215463
2021-06-16,2385.000000,2418.850098,2383.649902,2407.899902,2407.899902,2153668
2021-06-17,2398.000000,2425.899902,2386.399902,2417.699951,2417.699951,1555777
2021-06-18,2420.000000,2496.699951,2405.000000,2482.899902,2482.899902,3937751
2021-06-21,2473.949951,2529.000000,2467.000000,2514.350098,2514.350098,2506277
2021-06-22,2518.100098,2533.949951,2481.649902,2490.250000,2490.250000,1945883
2021-06-23,2495.000000,2514.000000,2458.199951,2480.500000,2480.500000,1035668
2021-06-24,2490.000000,2504.800049,2474.100098,2490.149902,2490.149902,759681
2021-06-25,2488.000000,2489.949951,2445.000000,2448.649902,2448.649902,1112942
2021-06-28,2450.100098,2465.000000,2437.300049,2460.199951,2460.199951,694906
2021-06-29,2455.000000,2497.500000,2445.000000,2492.550049,2492.550049,1354397
2021-06-30,2492.550049,2505.000000,2463.000000,2471.300049,2471.300049,1447245
2021-07-01,2484.000000,2484.000000,2463.000000,2478.000000,2478.000000,735043
2021-07-02,2478.000000,2492.699951,2452.000000,2487.300049,2487.300049,860231
2021-07-05,2499.000000,2513.399902,2485.050049,2499.050049,2499.050049,761700
2021-07-06,2490.000000,2497.949951,2469.000000,2472.500000,2472.500000,461782
2021-07-07,2458.000000,2490.800049,2445.850098,2481.649902,2481.649902,623145
2021-07-08,2462.199951,2469.750000,2438.449951,2447.550049,2447.550049,1114426
2021-07-09,2440.000000,2464.500000,2438.449951,2451.449951,2451.449951,538094
2021-07-12,2453.000000,2459.899902,2430.000000,2444.149902,2444.149902,543898
2021-07-13,2455.000000,2455.550049,2430.000000,2436.699951,2436.699951,994396
2021-07-14,2439.800049,2441.350098,2409.000000,2414.850098,2414.850098,1377829
2021-07-15,2425.000000,2425.000000,2401.000000,2412.350098,2412.350098,693792
2021-07-16,2420.000000,2430.000000,2406.000000,2417.399902,2417.399902,545405
2021-07-19,2400.050049,2417.000000,2398.500000,2408.649902,2408.649902,463873
2021-07-20,2403.000000,2460.000000,2403.000000,2434.899902,2434.899902,1061476
2021-07-22,2450.000000,2508.000000,2375.500000,2378.149902,2378.149902,3546044
2021-07-23,2382.000000,2391.750000,2354.699951,2358.100098,2358.100098,1517589
2021-07-26,2357.250000,2360.000000,2338.000000,2348.699951,2348.699951,1311535
2021-07-27,2348.699951,2359.449951,2332.000000,2342.399902,2342.399902,1656945
2021-07-28,2350.000000,2368.449951,2343.100098,2361.399902,2361.399902,912373
2021-07-29,2361.399902,2371.399902,2330.000000,2334.750000,2334.750000,1012663
2021-07-30,2340.000000,2356.550049,2318.000000,2333.300049,2333.300049,1708251
2021-08-02,2342.000000,2353.399902,2324.600098,2332.800049,2332.800049,1229936
2021-08-03,2330.000000,2393.000000,2326.100098,2386.850098,2386.850098,1733476
2021-08-04,2386.850098,2394.750000,2367.550049,2377.100098,2377.100098,1588974
2021-08-05,2391.000000,2391.000000,2354.000000,2357.699951,2357.699951,921757
2021-08-06,2357.699951,2380.750000,2357.500000,2371.500000,2371.500000,1432661
2021-08-09,2379.449951,2395.000000,2374.850098,2384.500000,2384.500000,921476
2021-08-10,2394.000000,2394.000000,2359.100098,2381.800049,2381.800049,1061370
2021-08-11,2390.000000,2395.000000,2362.199951,2390.449951,2390.449951,1300594
2021-08-12,2395.000000,2413.500000,2377.449951,2392.300049,2392.300049,1226064
2021-08-13,2401.000000,2409.649902,2388.000000,2404.500000,2404.500000,1033159
2021-08-16,2404.000000,2436.850098,2392.649902,2426.399902,2426.399902,1146309
2021-08-17,2433.000000,2487.449951,2431.050049,2483.800049,2483.800049,1921902
2021-08-18,2485.000000,2500.000000,2454.000000,2486.050049,2486.050049,1545643
2021-08-20,2490.000000,2630.000000,2476.000000,2619.399902,2619.399902,5779927
2021-08-23,2625.000000,2672.850098,2594.500000,2634.149902,2634.149902,2163220
2021-08-24,2634.000000,2658.000000,2610.000000,2633.000000,2633.000000,1482854
2021-08-25,2632.000000,2666.449951,2620.649902,2645.000000,2645.000000,1746570
2021-08-26,2631.000000,2697.800049,2631.000000,2666.399902,2666.399902,2117291
2021-08-27,2669.000000,2690.000000,2651.100098,2677.949951,2677.949951,1176229
2021-08-30,2691.600098,2705.750000,2671.600098,2687.699951,2687.699951,1168190
2021-08-31,2687.899902,2737.449951,2675.649902,2724.100098,2724.100098,2535891
2021-09-01,2745.000000,2775.000000,2715.000000,2732.899902,2732.899902,1775792
2021-09-02,2748.000000,2810.000000,2730.149902,2801.050049,2801.050049,1946183
2021-09-03,2802.199951,2808.750000,2756.000000,2766.699951,2766.699951,1561823
2021-09-06,2790.000000,2825.000000,2775.300049,2780.600098,2780.600098,1444978
2021-09-07,2788.600098,2808.699951,2770.000000,2777.699951,2777.699951,1219915
2021-09-08,2788.899902,2810.000000,2765.100098,2800.899902,2800.899902,946711